
[
    {
        "sensor_id": "1",
        "timestamp": "12:34:56",
        "temperature": "23",
        "humidity": "45",
        "light_level": "512"
    },
    {
        "sensor_id": "2",
        "timestamp": "12:35:15",
        "temperature": "24",
        "humidity": "47",
        "light_level": "520"
    },
    {
        "sensor_id": "3",
        "timestamp": "12:35:45",
        "temperature": "22",
        "humidity": "43",
        "light_level": "500"
    },
    {
        "sensor_id": "1",
        "timestamp": "12:36:12",
        "temperature": "23",
        "humidity": "44",
        "light_level": "510"
    },
    {
        "sensor_id": "2",
        "timestamp": "12:36:30",
        "temperature": "25",
        "humidity": "46",
        "light_level": "530"
    },
    {
        "sensor_id": "3",
        "timestamp": "12:37:00",
        "temperature": "21",
        "humidity": "42",
        "light_level": "495"
    },
    {
        "sensor_id": "1",
        "timestamp": "12:37:25",
        "temperature": "24",
        "humidity": "45",
        "light_level": "515"
    },
    {
        "sensor_id": "2",
        "timestamp": "12:37:50",
        "temperature": "26",
        "humidity": "48",
        "light_level": "540"
    },
    {
        "sensor_id": "3",
        "timestamp": "12:38:15",
        "temperature": "22",
        "humidity": "44",
        "light_level": "505"
    }
]
